Year,Average Sentiment
2018,0.12392123484980627
2019,0.07223446893676778
2020,0.11809220203106072
2021,0.10858833229073675
2022,0.11232360722720842
2023,0.12674657377373325
